{
	"pages": [{
		"path": "pages/index/index",
		"style": {
			// "navigationBarTitleText": "uni-ui基础项目"
			// "enablePullDownRefresh": true
		}
	}    ,{
            "path" : "pages/date/date",
            "style" : {}
        }
        ,{
            "path" : "pages/cate/cate",
            "style" : {}
        }
        ,{
            "path" : "pages/me/me",
            "style" : {}
        }
        ,{
            "path" : "pages/add/add",
            "style" : {}
        }
        ,{
            "path" : "pages/info/info",
            "style" : {}
        }
        ,{
            "path" : "pages/addCate/addCate",
            "style" : {}
        }
        ,{
            "path" : "pages/cateInfo/cateInfo",
            "style" : {}
        }
        ,{
            "path" : "pages/infoEdit/infoEdit",
            "style" : {}
        }
        ,{
            "path" : "pages/login/login",
            "style" : {}
        }
        ,{
            "path" : "pages/reg/reg",
            "style" : {}
        }
    ],
	"globalStyle": {
		"navigationBarTextStyle": "white",
		"navigationBarTitleText": "千惠笔记",
		"navigationBarBackgroundColor": "#0FD690",
		"backgroundColor": "#FFFFFF",
		"app-plus": {
		    "titleNView": false //禁用原生导航栏
		}
	},
	"tabBar": {
	    "color": "#bfbfbf",
	    "selectedColor": "#515151",
	    "borderStyle": "black",
	    "backgroundColor": "#ffffff",
	    "list": [{
	        "pagePath": "pages/index/index",
	        "iconPath": "static/tabBarIco/home-b.jpg",
	        "selectedIconPath": "static/tabBarIco/home-e.jpg",
	        "text": "首页"
	    }, {
	        "pagePath": "pages/date/date",
	        "iconPath": "static/tabBarIco/date-b-2.jpg",
	        "selectedIconPath": "static/tabBarIco/date-e-2.jpg",
	        "text": "日历"
	    }, {
	        "pagePath": "pages/add/add",
	        "iconPath": "static/tabBarIco/add-b.jpg",
	        "selectedIconPath": "./static/tabBarIco/add-e.jpg",
	        "text": ""
	    }, {
	        "pagePath": "pages/cate/cate",
	        "iconPath": "static/tabBarIco/cate-b.jpg",
	        "selectedIconPath": "./static/tabBarIco/cate-e-3.jpg",
	        "text": "标签"
	    }, {
	        "pagePath": "pages/me/me",
	        "iconPath": "static/tabBarIco/me.png",
	        "selectedIconPath": "static/tabBarIco/me_sel.png",
	        "text": "我的"
	    }]
	}
}
